virus,n_sequences,emb_dim,norm_mean,norm_std,centroid_euclidean_dist,centroid_cosine_dist,separation_ratio
Lassa,780,1280,9.678147,0.1382144,1.5856614112854004,0.013205273919916105,0.9940389432963604
Ebola,1610,1280,9.777345,0.010220263,1.5856614112854004,0.013205273919916105,0.9940389432963604
