virus,observed,unobserved,obs_fraction
Lassa,4128,5692,0.4203665987780041
Ebola,255,12589,0.019853628153223293
