site_category,count,fraction
Critical,669,0.9896449704142012
Conserved,6,0.008875739644970414
MostlyGap,1,0.0014792899408284023
